S,B,status,latency,memory,energy,is_validation,flops,memory_prediction,energy_method,energy_repeats,energy_window_seconds,power_samples,error
32,1,OK,0.0007113899999922069,18763776,0.0223924125666866,0,18452836.0,4230928.0,nvml_total_energy,1687,0.8940348920000076,39,
32,2,OK,0.000532146000011835,18874368,0.026288120567375905,0,36905672.0,4300560.0,nvml_total_energy,2256,1.1949872049999897,55,
32,4,OK,0.0005227599999955146,19095552,0.024775696864111595,0,73811344.0,4439824.0,nvml_total_energy,2296,1.0950472359999992,50,
32,8,OK,0.0005443940000020575,19537920,0.027188662131519284,0,147622688.0,4718352.0,nvml_total_energy,2205,1.0894433679999906,50,
32,16,OK,0.0005094379999945886,14843904,0.028024193548386943,0,295245376.0,5275408.0,nvml_total_energy,2356,1.0528353029999948,47,
32,32,OK,0.0005997349999802282,15958016,0.03457121439280344,0,590490752.0,6389520.0,nvml_total_energy,2001,1.0543367170000124,47,
32,64,OK,0.0007835079999836125,18186240,0.053645561357702314,0,1180981504.0,8617744.0,nvml_total_energy,1532,1.2150914189999753,55,
32,95,OK,0.0015995329999896057,47370240,0.12485752330226368,1,1753019420.0,10776336.0,nvml_total_energy,751,1.3223481580000112,59,
32,98,OK,0.0016382670000041344,48417792,0.11994679399727125,1,1808377928.0,10985232.0,nvml_total_energy,733,1.3293605970000044,59,
32,128,OK,0.0019570489999978236,59342848,0.15480618892508133,0,2361963008.0,13074192.0,nvml_total_energy,614,1.3605262880000168,60,
32,167,OK,0.002571046999975124,72546816,0.20196788008565303,1,3081623612.0,15789840.0,nvml_total_energy,467,1.3574615029999961,59,
32,256,OK,0.003612223000004633,103669760,0.2863183183183185,0,4723926016.0,21987088.0,nvml_total_energy,333,1.3853547509999942,59,
48,1,OK,0.0005938120000053004,14255616,0.026453240969816917,1,41126756.0,4317968.0,nvml_total_energy,2021,1.0923544749999792,51,
48,2,OK,0.0005546280000032766,14043136,0.02685536044362303,1,82253512.0,4474640.0,nvml_total_energy,2164,1.0642784249999977,49,
48,4,OK,0.0005658880000112276,14356480,0.027619519094766468,1,164507024.0,4787984.0,nvml_total_energy,2121,1.0632281390000173,49,
48,8,OK,0.0005763689999866983,14983168,0.029093659942363265,1,329014048.0,5414672.0,nvml_total_energy,2082,0.946402097999993,44,
48,16,OK,0.0005135429999825192,16236544,0.03424090714591345,1,658028096.0,6668048.0,nvml_total_energy,2337,1.1219726719999983,49,
48,32,OK,0.0006973910000169781,18743296,0.05058338175479377,1,1316056192.0,9174800.0,nvml_total_energy,1721,1.2772446200000047,57,
48,64,OK,0.0009773099999961232,23822336,0.08163599348534223,1,2632112384.0,14188304.0,nvml_total_energy,1228,1.4573715039999797,65,
48,95,OK,0.0019303560000025755,53182464,0.16131832797427675,1,3907041820.0,19045136.0,nvml_total_energy,622,1.419755431999988,62,
48,98,OK,0.0019705750000014177,54094848,0.16499835796387508,1,4030422088.0,19515152.0,nvml_total_energy,609,1.4429881850000186,63,
48,128,OK,0.0025152300000002015,66551808,0.20925313807531315,1,5264224768.0,24215312.0,nvml_total_energy,478,1.4396734180000124,61,
48,167,OK,0.0033931959999904393,82222592,0.2635564971751412,1,6868168252.0,30325520.0,nvml_total_energy,354,1.4520889819999923,62,
48,256,OK,0.005219652999983282,118087680,0.40710869565217483,1,10528449536.0,44269328.0,nvml_total_energy,230,1.3756857600000103,60,
64,1,OK,0.0005876840000098582,23969792,0.03406072477962766,0,72870244.0,4439824.0,nvml_total_energy,2042,1.1150044190000017,52,
64,2,OK,0.000575435999991214,24117248,0.03477037392138061,0,145740488.0,4718352.0,nvml_total_energy,2086,1.0989029209999899,51,
64,4,OK,0.00056449999999586,24903680,0.03779209783631254,0,291480976.0,5275408.0,nvml_total_energy,2126,1.1122784730000035,49,
64,8,OK,0.0005481399999780479,17793536,0.03402283105022799,0,582961952.0,6389520.0,nvml_total_energy,2190,1.126955799000001,51,
64,16,OK,0.0005406809999897177,19497472,0.03646216216216212,0,1165923904.0,8617744.0,nvml_total_energy,2220,1.206309693999998,54,
64,32,OK,0.0008204560000137917,22642688,0.06302460697197534,0,2331847808.0,13074192.0,nvml_total_energy,1463,1.3752219890000106,61,
64,64,OK,0.0012405469999805518,32210944,0.10276962809917331,0,4663695616.0,21987088.0,nvml_total_energy,968,1.5881650560000082,69,
64,95,OK,0.003301668000005975,60342272,0.2748736263736241,1,6922673180.0,30621456.0,nvml_total_energy,364,1.4516822229999775,63,
64,98,OK,0.0033969109999816283,61664256,0.2808757062146901,1,7141283912.0,31457040.0,nvml_total_energy,354,1.4955262830000038,64,
64,128,OK,0.004464138000003004,76644352,0.37098513011152445,0,9327391232.0,39812880.0,nvml_total_energy,269,1.4213390300000128,61,
64,167,OK,0.006640613999991274,95119872,0.43843093922651805,1,12169330748.0,50675472.0,nvml_total_energy,181,1.281859878000006,55,
64,256,OK,0.010213437999993857,138272768,0.6785677966101687,0,18654782464.0,75464464.0,nvml_total_energy,118,1.1838849659999937,49,
112,1,OK,0.0006564759999889702,24273920,0.038370897155360954,1,222518116.0,5014288.0,nvml_total_energy,1828,1.0750831490000223,49,
112,2,OK,0.0006316170000104648,24725504,0.0394815789473686,1,445036232.0,5867280.0,nvml_total_energy,1900,1.1175684690000196,51,
112,4,OK,0.0005589609999958611,18698752,0.03401956217978573,1,890072464.0,7573264.0,nvml_total_energy,2147,1.120958772999984,51,
112,8,OK,0.0007410279999930935,20553728,0.057454938271605076,1,1780144928.0,10985232.0,nvml_total_energy,1620,1.3937547749999908,62,
112,16,OK,0.0010334960000193405,27377664,0.09041135972461273,1,3560289856.0,17809168.0,nvml_total_energy,1162,1.5938555060000112,68,
112,32,OK,0.002033213999993677,41025536,0.1671573604060913,1,7120579712.0,31457040.0,nvml_total_energy,591,1.5740818330000081,69,
112,64,OK,0.0043640239999831465,68780032,0.34222545454545483,1,14241159424.0,58752784.0,nvml_total_energy,275,1.3940319189999855,61,
112,95,OK,0.012406044000016436,158633984,0.8216082474226795,1,21139221020.0,85195536.0,nvml_total_energy,97,1.1882820030000119,51,
112,98,OK,0.013725676999996494,175921152,0.8312386363636403,1,21806775368.0,87754512.0,nvml_total_energy,88,1.1606336699999815,50,
112,128,OK,0.016370778999998947,205824000,1.0789054054054046,1,28482318848.0,113344272.0,nvml_total_energy,74,1.2197234049999963,53,
112,167,OK,0.02231922100000361,273721344,1.4817592592592652,1,37160525372.0,146610960.0,nvml_total_energy,54,1.214162578000014,51,
112,256,OK,0.03358500999999592,396533760,2.2250277777777683,1,56964637696.0,222527248.0,nvml_total_energy,36,1.2113912100000164,51,
128,1,OK,0.0006733350000160954,24412160,0.044750420639371825,0,290539876.0,5275408.0,nvml_total_energy,1783,1.148728105999993,51,
128,2,OK,0.0006123119999870141,17794048,0.037080612244898364,0,581079752.0,6389520.0,nvml_total_energy,1960,1.1095101710000108,50,
128,4,OK,0.0005672510000067632,19497984,0.037576559546314094,0,1162159504.0,8617744.0,nvml_total_energy,2116,1.2094812540000248,54,
128,8,OK,0.0008533779999879698,22642688,0.07017839374555791,0,2324319008.0,13074192.0,nvml_total_energy,1407,1.4173664319999943,63,
128,16,OK,0.0012225720000174078,32210944,0.10728920570264784,0,4648638016.0,21987088.0,nvml_total_energy,982,1.6476082989999554,72,
128,32,OK,0.0022529510000026676,49381376,0.2105328330206378,0,9297276032.0,39812880.0,nvml_total_energy,533,1.71645544200004,75,
128,64,OK,0.004974567999965984,119316480,0.4173595041322323,0,18594552064.0,75464464.0,nvml_total_energy,242,1.4732360950000043,62,
128,95,OK,0.013068669000006139,171024384,0.8720326086956507,1,27601288220.0,110001936.0,nvml_total_energy,92,1.1888281789999837,51,
128,98,OK,0.013938549999977567,189210624,0.9306781609195408,1,28472907848.0,113344272.0,nvml_total_energy,87,1.1975849319999838,52,
128,128,OK,0.01740826000002471,223518720,1.1675362318840639,0,37189104128.0,146767632.0,nvml_total_energy,69,1.1962544120000302,51,
128,167,OK,0.023550043000000187,297500672,1.5816666666666659,1,48520159292.0,190218000.0,nvml_total_energy,51,1.1869151980000083,51,
128,256,OK,0.0346654829999693,431923200,2.3128285714285863,0,74378208256.0,289373968.0,nvml_total_energy,35,1.2188433100000111,51,
224,1,OK,0.0006040790000270135,18699776,0.037513336688474966,0,889131364.0,7573264.0,nvml_total_energy,1987,1.1796449400000029,53,
224,2,OK,0.0006270260000178496,21308928,0.048646812957158087,0,1778262728.0,10985232.0,nvml_total_energy,1914,1.4338501820000147,63,
224,4,OK,0.001015721999976904,27377664,0.0850152284263954,0,3556525456.0,17809168.0,nvml_total_energy,1182,1.5460638999999787,68,
224,8,OK,0.001815718999978344,41025536,0.1714871406959154,0,7113050912.0,31457040.0,nvml_total_energy,661,1.687787653999976,73,
224,16,OK,0.0033030890000418367,68780032,0.33291758241758435,0,14226101824.0,58752784.0,nvml_total_energy,364,1.7394968149999954,74,
224,32,OK,0.009955316999992192,174673920,0.6083057851239784,0,28452203648.0,113344272.0,nvml_total_energy,121,1.1283554099999833,49,
224,64,OK,0.01814344799998935,335904768,1.2021492537313414,0,56904407296.0,222527248.0,nvml_total_energy,67,1.1914977229999977,51,
224,95,OK,0.03938191299999971,491986944,2.6062903225806475,1,84467479580.0,328298256.0,nvml_total_energy,31,1.2353158909999706,52,
224,98,OK,0.04206997500000398,549808128,2.782896551724128,1,87134873672.0,338534160.0,nvml_total_energy,29,1.2418097059999695,52,
224,128,OK,0.05223197199995866,655458304,3.5211304347826426,0,113808814592.0,440893200.0,nvml_total_energy,23,1.2182279159999894,51,
224,167,OK,0.073213179999982,877756416,4.752882352941229,1,148484937788.0,573959952.0,nvml_total_energy,17,1.243375694000008,53,
224,256,OK,0.10939869700001736,1292992512,6.723999999999995,0,227617629184.0,877625104.0,nvml_total_energy,11,1.1977354649999938,50,
256,1,OK,0.000636656999972729,19499008,0.03874164456233435,0,1161218404.0,8617744.0,nvml_total_energy,1885,1.1096797510000442,50,
256,2,OK,0.0006727719999730652,22906880,0.056364349775784806,0,2322436808.0,13074192.0,nvml_total_energy,1784,1.4949180809999802,66,
256,4,OK,0.0012094480000541807,32210944,0.10881873111782364,0,4644873616.0,21987088.0,nvml_total_energy,993,1.5554005369999686,67,
256,8,OK,0.002458644999990156,49381376,0.20431288343558582,0,9289747232.0,39812880.0,nvml_total_energy,489,1.5345683919999829,67,
256,16,OK,0.004525075000003653,119316480,0.37697368421052496,0,18579494464.0,75464464.0,nvml_total_energy,266,1.5090278039999703,65,
256,32,OK,0.011682467000014185,223518720,0.7173398058252468,0,37158988928.0,146767632.0,nvml_total_energy,103,1.1468824949999998,49,
256,64,OK,0.022392405000005056,431923200,1.494333333333358,0,74317977856.0,289373968.0,nvml_total_energy,54,1.1987748340000053,53,
256,95,OK,0.048571609000021,640778240,3.235919999999969,1,110315748380.0,427523856.0,nvml_total_energy,25,1.228043931000002,52,
256,98,OK,0.052220468000029996,713072640,3.5016086956521852,1,113799403592.0,440893200.0,nvml_total_energy,23,1.222636609999995,52,
256,128,OK,0.06547611199999892,848732160,4.606736842105276,0,148635955712.0,574586640.0,nvml_total_energy,19,1.2620046370000182,53,
256,167,OK,0.08884923200002959,1142464512,5.756499999999895,1,193923473468.0,748388112.0,nvml_total_energy,14,1.2464586300000065,53,
256,256,OK,0.13368421199999148,1683062784,8.967888888889016,0,297271911424.0,1145011984.0,nvml_total_energy,9,1.204711906,50,
352,1,OK,0.000701953999964644,22535168,0.054276023391812804,1,2195149156.0,12586768.0,nvml_total_energy,1710,1.4071122189999983,61,
352,2,OK,0.001227114000016627,30580736,0.10208384458077682,1,4390298312.0,21012240.0,nvml_total_energy,978,1.5833657580000136,69,
352,4,OK,0.0022482790000140085,48529408,0.2003220973782767,1,8780596624.0,37863184.0,nvml_total_energy,534,1.6397763790000113,71,
352,8,OK,0.005413117000045986,82739200,0.4204504504504511,1,17561193248.0,71565072.0,nvml_total_energy,222,1.3256288410000252,57,
352,16,OK,0.011767671000029623,191234048,0.7225980392156856,1,35122386496.0,138968848.0,nvml_total_energy,102,1.1155124539999974,48,
352,32,OK,0.021975574999999026,366837760,1.3445454545454678,1,70244772992.0,273776400.0,nvml_total_energy,55,1.185379452999996,51,
352,64,OK,0.04285224900002049,717586432,3.0078275862068606,1,140489545984.0,543391504.0,nvml_total_energy,29,1.247336856000004,53,
352,95,OK,0.09643549500003701,1063047168,6.716076923077008,1,208539169820.0,804581136.0,nvml_total_energy,13,1.2622763499999792,53,
352,98,OK,0.1035169229999724,1179836416,6.694500000000062,1,215124617288.0,829857552.0,nvml_total_energy,12,1.2608744940000065,53,
352,128,OK,0.12926957399997718,1418821632,8.745099999999912,1,280979091968.0,1082621712.0,nvml_total_energy,10,1.314303257000006,54,
352,167,OK,0.17613345400002345,1902612480,11.483428571428574,1,366589909052.0,1411215120.0,nvml_total_energy,7,1.236946864999993,52,
352,256,OK,0.26377425999999105,2819719168,17.460599999999978,1,561958183936.0,2161082128.0,nvml_total_energy,5,1.3261551009999835,55,
384,1,OK,0.0007932040000468987,23822336,0.06479973562458775,0,2612349284.0,14188304.0,nvml_total_energy,1513,1.4546619440000086,64,
384,2,OK,0.001322123000022657,33783808,0.12337665198237868,0,5224698568.0,24215312.0,nvml_total_energy,908,1.644164773,71,
384,4,OK,0.002374740999982805,53837824,0.23413833992094893,0,10449397136.0,44269328.0,nvml_total_energy,506,1.744526095000026,75,
384,8,OK,0.006203718999984176,95125504,0.4482989690721709,0,20898794272.0,84377360.0,nvml_total_energy,194,1.3303486309999926,57,
384,16,OK,0.013688923000017894,227639296,0.9128636363636402,0,41797588544.0,164593424.0,nvml_total_energy,88,1.1430515650000075,49,
384,32,OK,0.025697195999953237,436260864,1.712531914893608,0,83595177088.0,325025552.0,nvml_total_energy,47,1.2012331039999822,51,
384,64,OK,0.050760893000017404,857407488,3.3374166666666647,0,167190354176.0,645889808.0,nvml_total_energy,24,1.2254592710000338,52,
384,95,OK,0.11306173700000954,1273507840,7.309090909090876,1,248173181980.0,956727056.0,nvml_total_energy,11,1.2519177369999852,52,
384,98,OK,0.12147213800000145,1415464960,8.691500000000087,1,256010229832.0,986808080.0,nvml_total_energy,10,1.2267724030000409,52,
384,128,OK,0.15176835299996583,1699840000,10.054375000000164,0,334380708352.0,1287618320.0,nvml_total_energy,8,1.2251663740000254,51,
384,167,OK,0.20418766799997456,2284945408,14.497666666666495,1,436262330428.0,1678671632.0,nvml_total_energy,6,1.230305235000003,52,
384,256,OK,0.306382378999956,3384287232,20.09349999999995,0,668761416704.0,2571075344.0,nvml_total_energy,4,1.2292328519999955,52,
400,1,OK,0.0007767960000251151,24609792,0.06364142394821949,1,2834553700.0,15041296.0,nvml_total_energy,1545,1.5191398459999732,66,
400,2,OK,0.0013677879999818288,35489792,0.12882574031890703,1,5669107400.0,25921296.0,nvml_total_energy,878,1.709866102000035,74,
400,4,OK,0.0027892250000149943,57741312,0.23333874709976685,1,11338214800.0,47681296.0,nvml_total_energy,431,1.5737385759999825,68,
400,8,OK,0.0065888990000075864,102244352,0.47362295081967587,1,22676429600.0,91201296.0,nvml_total_energy,183,1.3663486659999649,59,
400,16,OK,0.014960717999997541,259096576,0.9916543209876608,1,45352859200.0,178241296.0,nvml_total_energy,81,1.1430855769999653,50,
400,32,OK,0.02850235400001111,499458048,1.8691162790697955,1,90705718400.0,352321296.0,nvml_total_energy,43,1.2098915470000406,53,
400,64,OK,0.05688950799998338,983007232,3.9597727272727172,1,181411436800.0,700481296.0,nvml_total_energy,22,1.246981352999967,53,
400,95,OK,0.12639102000002822,1459593216,8.760399999999937,1,269282601500.0,1037761296.0,nvml_total_energy,10,1.2697810820000086,53,
400,98,OK,0.13590154599995685,1628536832,8.905555555555516,1,277786262600.0,1070401296.0,nvml_total_energy,9,1.2385988830000088,52,
400,128,OK,0.1695081159999745,1948557312,11.781750000000102,1,362822873600.0,1396801296.0,nvml_total_energy,8,1.3744700660000149,56,
400,167,OK,0.22894156499995688,2622586880,15.698333333333418,1,473370467900.0,1821121296.0,nvml_total_energy,6,1.3731538100000193,57,
400,256,OK,0.3446282619999579,3883048960,21.770000000000437,1,725645747200.0,2789441296.0,nvml_total_energy,4,1.378970728000013,56,
512,1,OK,0.001285683999981302,32210944,0.10622269807280464,0,4643932516.0,21987088.0,nvml_total_energy,934,1.4837688309999635,64,
512,2,OK,0.0024735050000117553,49381376,0.19028189300411308,0,9287865032.0,39812880.0,nvml_total_energy,486,1.4785144830000263,65,
512,4,OK,0.00531511000002638,85032960,0.4139513274336278,0,18575730064.0,75464464.0,nvml_total_energy,226,1.3735895889999483,60,
512,8,OK,0.012477291999971385,156336128,0.7539072164948538,0,37151460128.0,146767632.0,nvml_total_energy,97,1.1353971490000276,49,
512,16,OK,0.021871269999962806,399734784,1.4634363636363228,0,74302920256.0,289373968.0,nvml_total_energy,55,1.2040404530000046,52,
512,32,OK,0.043589574999998604,784355328,2.8790357142857568,0,148605840512.0,574586640.0,nvml_total_energy,28,1.2291103700000008,53,
512,64,OK,0.08810532400002558,1553596416,5.750499999999842,0,297211681024.0,1145011984.0,nvml_total_energy,14,1.2293849389999991,52,
512,95,OK,0.19713989699999956,2314448896,13.391285714285393,1,441173589020.0,1697611536.0,nvml_total_energy,7,1.388560632000008,58,
512,98,OK,0.2125500849999753,2575337472,13.297333333333276,1,455105386568.0,1751088912.0,nvml_total_energy,6,1.2908881370000245,54,
512,128,OK,0.2653391549999924,3092348928,17.373800000000482,0,594423362048.0,2285862672.0,nvml_total_energy,5,1.3494586220000429,56,
512,167,OK,0.36216058500002646,4162054144,25.00500000000011,1,775536730172.0,2981068560.0,nvml_total_energy,4,1.4541429959999732,61,
512,256,OK,0.5394404929999723,6169042944,35.604000000000575,0,1188846724096.0,4567564048.0,nvml_total_energy,3,1.6157440899999642,67,
