S,B,status,latency,memory,energy,is_validation,flops,memory_prediction,energy_method,energy_repeats,energy_window_seconds,power_samples,error,latency_pred,memory_pred,flops_pred,energy_pred
32,1,OK,0.0007113899999922,18763776,0.0223924125666866,0,18452836.0,4230928.0,nvml_total_energy,1687,0.8940348920000076,39,,0.00043855021785278584,4230928.0,18452836.0,0.02361079360576253
32,2,OK,0.0005321460000118,18874368,0.0262881205673759,0,36905672.0,4300560.0,nvml_total_energy,2256,1.1949872049999897,55,,0.00044296810519740804,4300560.0,36905672.0,0.023938127816102092
32,4,OK,0.0005227599999955,19095552,0.0247756968641115,0,73811344.0,4439824.0,nvml_total_energy,2296,1.0950472359999992,50,,0.00045222090615556007,4439824.0,73811344.0,0.024615162260955382
32,8,OK,0.000544394000002,19537920,0.0271886621315192,0,147622688.0,4718352.0,nvml_total_energy,2205,1.0894433679999906,50,,0.0004725844529584122,4718352.0,147622688.0,0.026068876768564325
32,16,OK,0.0005094379999945,14843904,0.0280241935483869,0,295245376.0,5275408.0,nvml_total_energy,2356,1.0528353029999948,47,,0.0005133115465641166,5275408.0,295245376.0,0.028976305783782207
32,32,OK,0.0005997349999802,15958016,0.0345712143928034,0,590490752.0,6389520.0,nvml_total_energy,2001,1.0543367170000124,47,,0.0005947657337755252,6389520.0,590490752.0,0.03479116381421797
32,64,OK,0.0007835079999836,18186240,0.0536455613577023,0,1180981504.0,8617744.0,nvml_total_energy,1532,1.2150914189999753,55,,0.0007615461243996314,8617744.0,1180981504.0,0.04662854451019189
32,95,OK,0.0015995329999896,47370240,0.1248575233022636,1,1753019420.0,10776336.0,nvml_total_energy,751,1.3223481580000112,59,,0.0009355202513976085,10776336.0,1753019420.0,0.05876134758492433
32,98,OK,0.0016382670000041,48417792,0.1199467939972712,1,1808377928.0,10985232.0,nvml_total_energy,733,1.3293605970000044,59,,0.0009523564572361224,10985232.0,1808377928.0,0.05993548981796295
32,128,OK,0.0019570489999978,59342848,0.1548061889250813,0,2361963008.0,13074192.0,nvml_total_energy,614,1.3605262880000168,60,,0.0011207185156212615,13074192.0,2361963008.0,0.07167691214834919
32,167,OK,0.0025710469999751,72546816,0.201967880085653,1,3081623612.0,15789840.0,nvml_total_energy,467,1.357461502999996,59,,0.0013395891915219424,15789840.0,3081623612.0,0.08694076117785128
32,256,OK,0.0036122230000046,103669760,0.2863183183183185,0,4723926016.0,21987088.0,nvml_total_energy,333,1.3853547509999942,59,,0.0018390632980645218,21987088.0,4723926016.0,0.12177364742466378
48,1,OK,0.0005938120000053,14255616,0.0264532409698169,1,41126756.0,4317968.0,nvml_total_energy,2021,1.0923544749999792,51,,0.0004439532743469933,4317968.0,41126756.0,0.024011642037583856
48,2,OK,0.0005546280000032,14043136,0.026855360443623,1,82253512.0,4474640.0,nvml_total_energy,2164,1.0642784249999977,49,,0.000454527744132776,4474640.0,82253512.0,0.02478023791220025
48,4,OK,0.0005658880000112,14356480,0.0276195190947664,1,164507024.0,4787984.0,nvml_total_energy,2121,1.0632281390000171,49,,0.0004771981289128441,4787984.0,164507024.0,0.026399028071054063
48,8,OK,0.0005763689999866,14983168,0.0290936599423632,1,329014048.0,5414672.0,nvml_total_energy,2082,0.946402097999993,44,,0.0005225388984729804,5414672.0,329014048.0,0.029636608388761688
48,16,OK,0.0005135429999825,16236544,0.0342409071459134,1,658028096.0,6668048.0,nvml_total_energy,2337,1.1219726719999985,49,,0.0006132204375932528,6668048.0,658028096.0,0.036111769024176926
48,32,OK,0.0006973910000169,18743296,0.0505833817547937,1,1316056192.0,9174800.0,nvml_total_energy,1721,1.2772446200000047,57,,0.0008026249873320859,9174800.0,1316056192.0,0.04949337186966159
48,64,OK,0.0009773099999961,23822336,0.0816359934853422,1,2632112384.0,14188304.0,nvml_total_energy,1228,1.4573715039999795,65,,0.0012028762414861705,14188304.0,2632112384.0,0.07740656686728858
48,95,OK,0.0019303560000025,53182464,0.1613183279742767,1,3907041820.0,19045136.0,nvml_total_energy,622,1.419755431999988,62,,0.00159061964394794,19045136.0,3907041820.0,0.10444747452123974
48,98,OK,0.0019705750000014,54094848,0.164998357963875,1,4030422088.0,19515152.0,nvml_total_energy,609,1.4429881850000186,63,,0.0016281431990248856,19515152.0,4030422088.0,0.10706433655226727
48,128,OK,0.0025152300000002,66551808,0.2092531380753131,1,5264224768.0,24215312.0,nvml_total_energy,478,1.4396734180000124,61,,0.00200337874979434,24215312.0,5264224768.0,0.13323295686254258
48,167,OK,0.0033931959999904,82222592,0.2635564971751412,1,6868168252.0,30325520.0,nvml_total_energy,354,1.4520889819999925,62,,0.002491184965794631,30325520.0,6868168252.0,0.16725216326590053
48,256,OK,0.0052196529999832,118087680,0.4071086956521748,1,10528449536.0,44269328.0,nvml_total_energy,230,1.3756857600000103,60,,0.0036071198187799113,44269328.0,10528449536.0,0.24503247728163882
64,1,OK,0.0005876840000098,23969792,0.0340607247796276,0,72870244.0,4439824.0,nvml_total_energy,2042,1.1150044190000017,52,,0.0004519345797077914,4439824.0,72870244.0,0.024595195866307887
64,2,OK,0.0005754359999912,24117248,0.0347703739213806,0,145740488.0,4718352.0,nvml_total_energy,2086,1.09890292099999,51,,0.00047201180006287483,4718352.0,145740488.0,0.026028943979269328
64,4,OK,0.0005644999999958,24903680,0.0377920978363125,0,291480976.0,5275408.0,nvml_total_energy,2126,1.1122784730000037,49,,0.0005121662407730418,5275408.0,291480976.0,0.028896440205192216
64,8,OK,0.000548139999978,17793536,0.0340228310502279,0,582961952.0,6389520.0,nvml_total_energy,2190,1.126955799000001,51,,0.0005924751221933757,6389520.0,582961952.0,0.034631432657038
64,16,OK,0.0005406809999897,19497472,0.0364621621621621,0,1165923904.0,8617744.0,nvml_total_energy,2220,1.206309693999998,54,,0.0007569649012353324,8617744.0,1165923904.0,0.046309082195831935
64,32,OK,0.0008204560000137,22642688,0.0630246069719753,0,2331847808.0,13074192.0,nvml_total_energy,1463,1.3752219890000106,61,,0.0011115560692926635,13074192.0,2331847808.0,0.07103798751962928
64,64,OK,0.0012405469999805,32210944,0.1027696280991733,0,4663695616.0,21987088.0,nvml_total_energy,968,1.5881650560000082,69,,0.0018207384054073257,21987088.0,4663695616.0,0.12049579816722397
64,95,OK,0.0033016680000059,60342272,0.2748736263736241,1,6922673180.0,30621456.0,nvml_total_energy,364,1.4516822229999775,63,,0.0025077587935184048,30621456.0,6922673180.0,0.16840805223208133
64,98,OK,0.0033969109999816,61664256,0.2808757062146901,1,7141283912.0,31457040.0,nvml_total_energy,354,1.4955262830000038,64,,0.0025742462523133092,31457040.0,7141283912.0,0.1730448085846733
64,128,OK,0.004464138000003,76644352,0.3709851301115244,0,9327391232.0,39812880.0,nvml_total_energy,269,1.4213390300000128,61,,0.003240888021280638,39812880.0,9327391232.0,0.21950714986519004
64,167,OK,0.0066406139999912,95119872,0.438430939226518,1,12169330748.0,50675472.0,nvml_total_energy,181,1.281859878000006,55,,0.0041075223209381655,50675472.0,12169330748.0,0.27990819352986174
64,256,OK,0.0102134379999938,138272768,0.6785677966101687,0,18654782464.0,75464464.0,nvml_total_energy,118,1.1838849659999937,49,,0.006085226235541241,75464464.0,18654782464.0,0.41774647266206133
112,1,OK,0.0006564759999889,24273920,0.0383708971553609,1,222518116.0,5014288.0,nvml_total_energy,1828,1.0750831490000223,49,,0.00049314699725731,5014288.0,222518116.0,0.027538574452970706
112,2,OK,0.0006316170000104,24725504,0.0394815789473686,1,445036232.0,5867280.0,nvml_total_energy,1900,1.1175684690000196,51,,0.0005544366351619123,5867280.0,445036232.0,0.031915701152594976
112,4,OK,0.0005589609999958,18698752,0.0340195621797857,1,890072464.0,7573264.0,nvml_total_energy,2147,1.120958772999984,51,,0.0006770504896964919,7573264.0,890072464.0,0.040671809083956525
112,8,OK,0.000741027999993,20553728,0.057454938271605,1,1780144928.0,10985232.0,nvml_total_energy,1620,1.3937547749999908,62,,0.0009437666638030617,10985232.0,1780144928.0,0.059336497978538044
112,16,OK,0.0010334960000193,27377664,0.0904113597246127,1,3560289856.0,17809168.0,nvml_total_energy,1162,1.5938555060000112,68,,0.0014851595944281222,17809168.0,3560289856.0,0.0970928190850415
112,32,OK,0.0020332139999936,41025536,0.1671573604060913,1,7120579712.0,31457040.0,nvml_total_energy,591,1.574081833000008,69,,0.0025679470704623977,31457040.0,7120579712.0,0.17260554790242838
112,64,OK,0.0043640239999831,68780032,0.3422254545454548,1,14241159424.0,58752784.0,nvml_total_energy,275,1.3940319189999857,61,,0.004739344333904762,58752784.0,14241159424.0,0.3239432687365381
112,95,OK,0.0124060440000164,158633984,0.8216082474226795,1,21139221020.0,85195536.0,nvml_total_energy,97,1.188282003000012,51,,0.006842885432864552,85195536.0,21139221020.0,0.4705516857945819
112,98,OK,0.0137256769999964,175921152,0.8312386363636403,1,21806775368.0,87754512.0,nvml_total_energy,88,1.1606336699999815,50,,0.007046453926312272,87754512.0,21806775368.0,0.4847395971227796
112,128,OK,0.0163707789999989,205824000,1.0789054054054046,1,28482318848.0,113344272.0,nvml_total_energy,74,1.2197234049999963,53,,0.009082138860789488,113344272.0,28482318848.0,0.6266187104047575
112,167,OK,0.0223192210000036,273721344,1.4817592592592652,1,37160525372.0,146610960.0,nvml_total_energy,54,1.214162578000014,51,,0.01172852927560987,146610960.0,37160525372.0,0.8110615576713287
112,256,OK,0.0335850099999959,396533760,2.2250277777777683,1,56964637696.0,222527248.0,nvml_total_energy,36,1.2113912100000164,51,,0.017767727914558946,222527248.0,56964637696.0,1.2319695937411965
128,1,OK,0.000673335000016,24412160,0.0447504206393718,0,290539876.0,5275408.0,nvml_total_energy,1783,1.148728105999993,51,,0.0005118799143252731,5275408.0,290539876.0,0.028876473810544718
128,2,OK,0.000612311999987,17794048,0.0370806122448983,0,581079752.0,6389520.0,nvml_total_energy,1960,1.1095101710000108,50,,0.0005919024692978383,6389520.0,581079752.0,0.03459149986774299
128,4,OK,0.0005672510000067,19497984,0.037576559546314,0,1162159504.0,8617744.0,nvml_total_energy,2116,1.2094812540000248,54,,0.0007558195954442576,8617744.0,1162159504.0,0.04622921661724195
128,8,OK,0.0008533779999879,22642688,0.0701783937455579,0,2324319008.0,13074192.0,nvml_total_energy,1407,1.4173664319999943,63,,0.001109265457710514,13074192.0,2324319008.0,0.07087825636244931
128,16,OK,0.0012225720000174,32210944,0.1072892057026478,0,4648638016.0,21987088.0,nvml_total_energy,982,1.6476082989999554,72,,0.0018161571822430265,21987088.0,4648638016.0,0.12017633585286402
128,32,OK,0.0022529510000026,49381376,0.2105328330206378,0,9297276032.0,39812880.0,nvml_total_energy,533,1.71645544200004,75,,0.0032317255749520404,39812880.0,9297276032.0,0.21886822523647015
128,64,OK,0.0049745679999659,119316480,0.4173595041322323,0,18594552064.0,75464464.0,nvml_total_energy,242,1.4732360950000043,62,,0.006066901342884046,75464464.0,18594552064.0,0.41646862340462165
128,95,OK,0.0130686690000061,171024384,0.8720326086956507,1,27601288220.0,110001936.0,nvml_total_energy,92,1.1888281789999835,51,,0.008813477868068176,110001936.0,27601288220.0,0.6078940091300183
128,98,OK,0.0139385499999775,189210624,0.9306781609195408,1,28472907848.0,113344272.0,nvml_total_energy,87,1.1975849319999838,52,,0.009079275596311802,113344272.0,28472907848.0,0.6264190464582825
128,128,OK,0.0174082600000247,223518720,1.167536231884064,0,37189104128.0,146767632.0,nvml_total_energy,69,1.1962544120000302,51,,0.011737252878748057,146767632.0,37189104128.0,0.8116694197409244
128,167,OK,0.0235500430000001,297500672,1.581666666666666,1,48520159292.0,190218000.0,nvml_total_energy,51,1.1869151980000083,51,,0.015192623345915188,190218000.0,48520159292.0,1.052494905008359
128,256,OK,0.0346654829999693,431923200,2.3128285714285863,0,74378208256.0,289373968.0,nvml_total_energy,35,1.2188433100000111,51,,0.023077955950476084,289373968.0,74378208256.0,1.6020710124135307
224,1,OK,0.000604079000027,18699776,0.0375133366884749,0,889131364.0,7573264.0,nvml_total_energy,1987,1.1796449400000029,53,,0.0006767641632487233,7573264.0,889131364.0,0.04065184268930903
224,2,OK,0.0006270260000178,21308928,0.048646812957158,0,1778262728.0,10985232.0,nvml_total_energy,1914,1.433850182000015,63,,0.0009431940109075245,10985232.0,1778262728.0,0.05929656518924306
224,4,OK,0.0010157219999769,27377664,0.0850152284263954,0,3556525456.0,17809168.0,nvml_total_energy,1182,1.5460638999999787,68,,0.0014840142886370475,17809168.0,3556525456.0,0.09701295350645152
224,8,OK,0.0018157189999783,41025536,0.1714871406959154,0,7113050912.0,31457040.0,nvml_total_energy,661,1.687787653999976,73,,0.002565656458880249,31457040.0,7113050912.0,0.1724458167452484
224,16,OK,0.0033030890000418,68780032,0.3329175824175843,0,14226101824.0,58752784.0,nvml_total_energy,364,1.7394968149999954,74,,0.004734763110740461,58752784.0,14226101824.0,0.32362380642217803
224,32,OK,0.0099553169999921,174673920,0.6083057851239784,0,28452203648.0,113344272.0,nvml_total_energy,121,1.1283554099999833,49,,0.009072976414460891,113344272.0,28452203648.0,0.6259797857760376
224,64,OK,0.0181434479999893,335904768,1.2021492537313414,0,56904407296.0,222527248.0,nvml_total_energy,67,1.1914977229999977,51,,0.017749403021901748,222527248.0,56904407296.0,1.2306917444837566
224,95,OK,0.0393819129999997,491986944,2.6062903225806475,1,84467479580.0,328298256.0,nvml_total_energy,31,1.2353158909999706,52,,0.026154691297860078,328298256.0,84467479580.0,1.8165064544818592
224,98,OK,0.0420699750000039,549808128,2.782896551724128,1,87134873672.0,338534160.0,nvml_total_energy,29,1.2418097059999695,52,,0.026968106292307656,338534160.0,87134873672.0,1.873198200610708
224,128,OK,0.0522319719999586,655458304,3.521130434782642,0,113808814592.0,440893200.0,nvml_total_energy,23,1.2182279159999894,51,,0.035102256236783466,440893200.0,113808814592.0,2.4401156618991946
224,167,OK,0.073213179999982,877756416,4.752882352941229,1,148484937788.0,573959952.0,nvml_total_energy,17,1.243375694000008,53,,0.045676651164602004,573959952.0,148484937788.0,3.177108361574227
224,256,OK,0.1093986970000173,1292992512,6.723999999999995,0,227617629184.0,877625104.0,nvml_total_energy,11,1.1977354649999938,50,,0.06980796266654687,877625104.0,227617629184.0,4.85896349673007
256,1,OK,0.0006366569999727,19499008,0.0387416445623343,0,1161218404.0,8617744.0,nvml_total_energy,1885,1.1096797510000442,50,,0.000755533268996489,8617744.0,1161218404.0,0.04620925022259446
256,2,OK,0.000672771999973,22906880,0.0563643497757848,0,2322436808.0,13074192.0,nvml_total_energy,1784,1.4949180809999802,66,,0.0011086928048149767,13074192.0,2322436808.0,0.07083832357315432
256,4,OK,0.0012094480000541,32210944,0.1088187311178236,0,4644873616.0,21987088.0,nvml_total_energy,993,1.5554005369999686,67,,0.0018150118764519519,21987088.0,4644873616.0,0.12009647027427403
256,8,OK,0.0024586449999901,49381376,0.2043128834355858,0,9289747232.0,39812880.0,nvml_total_energy,489,1.5345683919999829,67,,0.003229434963369891,39812880.0,9289747232.0,0.21870849407929016
256,16,OK,0.0045250750000036,119316480,0.3769736842105249,0,18579494464.0,75464464.0,nvml_total_energy,266,1.5090278039999705,65,,0.006062320119719746,75464464.0,18579494464.0,0.41614916109026157
256,32,OK,0.0116824670000141,223518720,0.7173398058252468,0,37158988928.0,146767632.0,nvml_total_energy,103,1.1468824949999998,49,,0.01172809043241946,146767632.0,37158988928.0,0.8110304951122046
256,64,OK,0.022392405000005,431923200,1.494333333333358,0,74317977856.0,289373968.0,nvml_total_energy,54,1.1987748340000053,53,,0.023059631057818886,289373968.0,74317977856.0,1.6007931631560905
256,95,OK,0.048571609000021,640778240,3.235919999999969,1,110315748380.0,427523856.0,nvml_total_energy,25,1.228043931000002,52,,0.03403706103867457,427523856.0,110315748380.0,2.3658757478236048
256,98,OK,0.0522204680000299,713072640,3.5016086956521852,1,113799403592.0,440893200.0,nvml_total_energy,23,1.222636609999995,52,,0.03509939297230577,440893200.0,113799403592.0,2.439915997952719
256,128,OK,0.0654761119999989,848732160,4.606736842105276,0,148635955712.0,574586640.0,nvml_total_energy,19,1.2620046370000182,53,,0.045722712308617734,574586640.0,148635955712.0,3.1803184992438625
256,167,OK,0.0888492320000295,1142464512,5.756499999999895,1,193923473468.0,748388112.0,nvml_total_energy,14,1.2464586300000065,53,,0.059533027445823276,748388112.0,193923473468.0,4.142841750922348
256,256,OK,0.1336842119999914,1683062784,8.967888888889016,0,297271911424.0,1145011984.0,nvml_total_energy,9,1.204711906,50,,0.09104887481021542,1145011984.0,297271911424.0,6.339369171419405
352,1,OK,0.0007019539999646,22535168,0.0542760233918128,1,2195149156.0,12586768.0,nvml_total_energy,1710,1.4071122189999985,61,,0.001069980977420648,12586768.0,2195149156.0,0.06813859115202585
352,2,OK,0.0012271140000166,30580736,0.1020838445807768,1,4390298312.0,21012240.0,nvml_total_energy,978,1.5833657580000136,69,,0.0017375882216632951,21012240.0,4390298312.0,0.11469700543201712
352,4,OK,0.002248279000014,48529408,0.2003220973782767,1,8780596624.0,37863184.0,nvml_total_energy,534,1.6397763790000113,71,,0.003074171543725283,37863184.0,8780596624.0,0.20788724750848375
352,8,OK,0.0054131170000459,82739200,0.4204504504504511,1,17561193248.0,71565072.0,nvml_total_energy,222,1.3256288410000252,57,,0.00575179328043053,71565072.0,17561193248.0,0.3945066679486488
352,16,OK,0.0117676710000296,191234048,0.7225980392156856,1,35122386496.0,138968848.0,nvml_total_energy,102,1.1155124539999974,48,,0.011107036753841028,138968848.0,35122386496.0,0.7677455088289791
352,32,OK,0.021975574999999,366837760,1.3445454545454678,1,70244772992.0,273776400.0,nvml_total_energy,55,1.185379452999996,51,,0.02181752370066202,273776400.0,70244772992.0,1.5142231905896395
352,64,OK,0.0428522490000204,717586432,3.0078275862068606,1,140489545984.0,543391504.0,nvml_total_energy,29,1.247336856000004,53,,0.043238497594304,543391504.0,140489545984.0,3.00717855411096
352,95,OK,0.096435495000037,1063047168,6.716076923077008,1,208539169820.0,804581136.0,nvml_total_energy,13,1.2622763499999792,53,,0.06399006605376967,804581136.0,208539169820.0,4.453479062522239
352,98,OK,0.1035169229999724,1179836416,6.694500000000062,1,215124617288.0,829857552.0,nvml_total_energy,12,1.2608744940000065,53,,0.06599828235629861,829857552.0,215124617288.0,4.593443627852363
352,128,OK,0.1292695739999771,1418821632,8.745099999999912,1,280979091968.0,1082621712.0,nvml_total_energy,10,1.314303257000006,54,,0.08608044538158796,1082621712.0,280979091968.0,5.993089281153601
352,167,OK,0.1761334540000234,1902612480,11.483428571428574,1,366589909052.0,1411215120.0,nvml_total_energy,7,1.236946864999993,52,,0.11218725731446412,1411215120.0,366589909052.0,7.81262863044521
352,256,OK,0.263774259999991,2819719168,17.460599999999978,1,561958183936.0,2161082128.0,nvml_total_energy,5,1.3261551009999837,55,,0.17176434095615592,2161082128.0,561958183936.0,11.964910735238885
384,1,OK,0.0007932040000468,23822336,0.0647997356245877,0,2612349284.0,14188304.0,nvml_total_energy,1513,1.4546619440000086,64,,0.0011968633860830282,14188304.0,2612349284.0,0.07698727257969115
384,2,OK,0.0013221230000226,33783808,0.1233766519823786,0,5224698568.0,24215312.0,nvml_total_energy,908,1.644164773,71,,0.001991353038988055,24215312.0,5224698568.0,0.1323943682873477
384,4,OK,0.0023747409999828,53837824,0.2341383399209489,0,10449397136.0,44269328.0,nvml_total_energy,506,1.744526095000026,75,,0.0035830683971673416,44269328.0,10449397136.0,0.2433553001312491
384,8,OK,0.0062037189999841,95125504,0.4482989690721709,0,20898794272.0,84377360.0,nvml_total_energy,194,1.3303486309999926,57,,0.006769586987314647,84377360.0,20898794272.0,0.4654427731941794
384,16,OK,0.0136889230000178,227639296,0.9128636363636402,0,41797588544.0,164593424.0,nvml_total_energy,88,1.1430515650000077,49,,0.013142624167609264,164593424.0,41797588544.0,0.9096177193200404
384,32,OK,0.0256971959999532,436260864,1.712531914893608,0,83595177088.0,325025552.0,nvml_total_energy,47,1.2012331039999822,51,,0.02588869852819849,325025552.0,83595177088.0,1.797967611571762
384,64,OK,0.0507608930000174,857407488,3.3374166666666647,0,167190354176.0,645889808.0,nvml_total_energy,24,1.2254592710000338,52,,0.05138084724937694,645889808.0,167190354176.0,3.5746673960752053
384,95,OK,0.1130617370000095,1273507840,7.309090909090876,1,248173181980.0,956727056.0,nvml_total_energy,11,1.2519177369999852,52,,0.07607636632301856,956727056.0,248173181980.0,5.295845312312916
384,98,OK,0.1214721380000014,1415464960,8.691500000000087,1,256010229832.0,986808080.0,nvml_total_energy,10,1.2267724030000409,52,,0.07846625526562906,986808080.0,256010229832.0,5.462410917110114
384,128,OK,0.1517683529999658,1699840000,10.054375000000164,0,334380708352.0,1287618320.0,nvml_total_energy,8,1.2251663740000254,51,,0.10236514469173384,1287618320.0,334380708352.0,7.128066965082091
384,167,OK,0.2041876679999745,2284945408,14.497666666666497,1,436262330428.0,1678671632.0,nvml_total_energy,6,1.230305235000003,52,,0.13343370094567006,1678671632.0,436262330428.0,9.29341982744566
384,256,OK,0.306382378999956,3384287232,20.09349999999995,0,668761416704.0,2571075344.0,nvml_total_energy,4,1.2292328519999955,52,,0.20433373957644768,2571075344.0,668761416704.0,14.234866103095866
400,1,OK,0.0007767960000251,24609792,0.0636414239482194,1,2834553700.0,15041296.0,nvml_total_energy,1545,1.5191398459999732,66,,0.0012644420602619044,15041296.0,2834553700.0,0.08170015725312159
400,2,OK,0.0013677879999818,35489792,0.128825740318907,1,5669107400.0,25921296.0,nvml_total_energy,878,1.709866102000035,74,,0.0021265103873458076,25921296.0,5669107400.0,0.1418201376342086
400,4,OK,0.0027892250000149,57741312,0.2333387470997668,1,11338214800.0,47681296.0,nvml_total_energy,431,1.5737385759999825,68,,0.0038541112865006118,47681296.0,11338214800.0,0.2622458933759828
400,8,OK,0.0065888990000075,102244352,0.4736229508196758,1,22676429600.0,91201296.0,nvml_total_energy,183,1.3663486659999649,59,,0.007311672765981189,91201296.0,22676429600.0,0.5032239596836469
400,16,OK,0.0149607179999975,259096576,0.9916543209876608,1,45352859200.0,178241296.0,nvml_total_energy,81,1.1430855769999653,50,,0.014226795724942346,178241296.0,45352859200.0,0.9851800922989753
400,32,OK,0.0285023540000111,499458048,1.8691162790697955,1,90705718400.0,352321296.0,nvml_total_energy,43,1.2098915470000406,53,,0.02805704164286465,352321296.0,90705718400.0,1.9490923575296317
400,64,OK,0.0568895079999833,983007232,3.959772727272717,1,181411436800.0,700481296.0,nvml_total_energy,22,1.246981352999967,53,,0.05571753347870927,700481296.0,181411436800.0,3.876916887990945
400,95,OK,0.1263910200000282,1459593216,8.760399999999937,1,269282601500.0,1037761296.0,nvml_total_energy,10,1.2697810820000086,53,,0.08251363494468375,1037761296.0,269282601500.0,5.744496901875342
400,98,OK,0.1359015459999568,1628536832,8.905555555555516,1,277786262600.0,1070401296.0,nvml_total_energy,9,1.2385988830000088,52,,0.08510680605429419,1070401296.0,277786262600.0,5.92523045160609
400,128,OK,0.1695081159999745,1948557312,11.781750000000102,1,362822873600.0,1396801296.0,nvml_total_energy,8,1.3744700660000149,56,,0.11103851715039852,1396801296.0,362822873600.0,7.732565948913572
400,167,OK,0.2289415649999568,2622586880,15.698333333333418,1,473370467900.0,1821121296.0,nvml_total_energy,6,1.3731538100000191,57,,0.14474974157533413,1821121296.0,473370467900.0,10.082102095413296
400,256,OK,0.3446282619999579,3883048960,21.770000000000437,1,725645747200.0,2789441296.0,nvml_total_energy,4,1.378970728000013,56,,0.22168048449377697,2789441296.0,725645747200.0,15.443864070758822
512,1,OK,0.0012856839999813,32210944,0.1062226980728046,0,4643932516.0,21987088.0,nvml_total_energy,934,1.4837688309999637,64,,0.0018147255500041831,21987088.0,4643932516.0,0.12007650387962654
512,2,OK,0.0024735050000117,49381376,0.190281893004113,0,9287865032.0,39812880.0,nvml_total_energy,486,1.4785144830000263,65,,0.0032288623104743536,39812880.0,9287865032.0,0.21866856128999518
512,4,OK,0.0053151100000263,85032960,0.4139513274336278,0,18575730064.0,75464464.0,nvml_total_energy,226,1.3735895889999483,60,,0.006061174813928671,75464464.0,18575730064.0,0.4160692955116716
512,8,OK,0.0124772919999713,156336128,0.7539072164948538,0,37151460128.0,146767632.0,nvml_total_energy,97,1.1353971490000276,49,,0.011725799820837312,146767632.0,37151460128.0,0.8108707639550248
512,16,OK,0.0218712699999628,399734784,1.4634363636363228,0,74302920256.0,289373968.0,nvml_total_energy,55,1.2040404530000046,52,,0.023055049834654586,289373968.0,74302920256.0,1.6004737008417307
512,32,OK,0.0435895749999986,784355328,2.8790357142857568,0,148605840512.0,574586640.0,nvml_total_energy,28,1.2291103700000008,53,,0.045713549862289135,574586640.0,148605840512.0,3.1796795746151427
512,64,OK,0.0881053240000255,1553596416,5.750499999999842,0,297211681024.0,1145011984.0,nvml_total_energy,14,1.2293849389999991,52,,0.09103054991755823,1145011984.0,297211681024.0,6.338091322161966
512,95,OK,0.1971398969999995,2314448896,13.391285714285392,1,441173589020.0,1697611536.0,nvml_total_energy,7,1.388560632000008,58,,0.13493139372110016,1697611536.0,441173589020.0,9.397802702597952
512,98,OK,0.2125500849999753,2575337472,13.297333333333276,1,455105386568.0,1751088912.0,nvml_total_energy,6,1.2908881370000245,54,,0.13917986247628164,1751088912.0,455105386568.0,9.693903803930466
512,128,OK,0.2653391549999924,3092348928,17.373800000000482,0,594423362048.0,2285862672.0,nvml_total_energy,5,1.3494586220000429,56,,0.18166455002809645,2285862672.0,594423362048.0,12.654914817255616
512,167,OK,0.3621605850000264,4162054144,25.00500000000011,1,775536730172.0,2981068560.0,nvml_total_energy,4,1.4541429959999732,61,,0.2368946438454556,2981068560.0,775536730172.0,16.504229134578303
512,256,OK,0.5394404929999723,6169042944,35.604000000000575,0,1188846724096.0,4567564048.0,nvml_total_energy,3,1.6157440899999642,67,,0.3629325502491728,4567564048.0,1188846724096.0,25.288561807442907
