B,S,allocated_before_input,available_tensor_budget,cuda,cudnn,energy,error,experiment,free_before_input,gpu,is_validation,latency,memory,memory_prediction,peak_before_failure,phase,predicted_oom_available,predicted_oom_total,purpose,single_forward_seconds,status,torch,total_memory,trial
256,512,4161536,15507161088,12.8,91002,,,supplemental_oom,15502999552,Tesla T4,1,,6169042944,4567564048.0,,forward,0,0,search,0.4913244690000056,OK,2.10.0+cu128,15636037632,0
512,512,4161536,15507161088,12.8,91002,,,supplemental_oom,15502999552,Tesla T4,1,,12324012032,9130966800.0,,forward,0,0,search,0.9895885090000149,OK,2.10.0+cu128,15636037632,1
1024,512,4161536,15507161088,12.8,91002,,"CUDA out of memory. Tried to allocate 4.00 GiB. GPU 0 has a total capacity of 14.56 GiB of which 1.42 GiB is free. Including non-PyTorch memory, this process has 13.14 GiB memory in use. Of the allocated memory 13.00 GiB is allocated by PyTorch, and 18.03 MiB is reserved by PyTorch but unallocated. If reserved but unallocated memory is large try setting PYTORCH_ALLOC_CONF=expandable_segments:True to avoid fragmentation.  See documentation for Memory Management  (https://pytorch.org/docs/stable/notes/cuda.html#environment-variables)",supplemental_oom,15502999552,Tesla T4,1,,,18257772304.0,13962805248,warmup,1,1,search,,OOM,2.10.0+cu128,15636037632,2
768,512,4161536,15507161088,12.8,91002,,,supplemental_oom,15502999552,Tesla T4,1,,13703938048,13694369552.0,,forward,0,0,search,1.5762332319999928,OK,2.10.0+cu128,15636037632,3
896,512,4161536,15507161088,12.8,91002,,"CUDA out of memory. Tried to allocate 3.50 GiB. GPU 0 has a total capacity of 14.56 GiB of which 3.04 GiB is free. Including non-PyTorch memory, this process has 11.52 GiB memory in use. Of the allocated memory 11.38 GiB is allocated by PyTorch, and 18.03 MiB is reserved by PyTorch but unallocated. If reserved but unallocated memory is large try setting PYTORCH_ALLOC_CONF=expandable_segments:True to avoid fragmentation.  See documentation for Memory Management  (https://pytorch.org/docs/stable/notes/cuda.html#environment-variables)",supplemental_oom,15502999552,Tesla T4,1,,,15976070928.0,12217974784,warmup,1,1,search,,OOM,2.10.0+cu128,15636037632,4
832,512,4161536,15507161088,12.8,91002,,,supplemental_oom,15502999552,Tesla T4,1,,14844788736,14835220240.0,,forward,0,0,search,1.7318207929999971,OK,2.10.0+cu128,15636037632,5
864,512,4161536,15507161088,12.8,91002,,,supplemental_oom,15502999552,Tesla T4,1,,15415214080,15405645584.0,,forward,0,0,search,1.819918988000012,OK,2.10.0+cu128,15636037632,6
880,512,4161536,15507161088,12.8,91002,,"CUDA out of memory. Tried to allocate 3.44 GiB. GPU 0 has a total capacity of 14.56 GiB of which 3.25 GiB is free. Including non-PyTorch memory, this process has 11.31 GiB memory in use. Of the allocated memory 11.18 GiB is allocated by PyTorch, and 18.03 MiB is reserved by PyTorch but unallocated. If reserved but unallocated memory is large try setting PYTORCH_ALLOC_CONF=expandable_segments:True to avoid fragmentation.  See documentation for Memory Management  (https://pytorch.org/docs/stable/notes/cuda.html#environment-variables)",supplemental_oom,15502999552,Tesla T4,1,,,15690858256.0,11999870976,warmup,1,1,search,,OOM,2.10.0+cu128,15636037632,7
872,512,4161536,15507161088,12.8,91002,,"CUDA out of memory. Tried to allocate 3.41 GiB. GPU 0 has a total capacity of 14.56 GiB of which 3.35 GiB is free. Including non-PyTorch memory, this process has 11.21 GiB memory in use. Of the allocated memory 11.07 GiB is allocated by PyTorch, and 18.03 MiB is reserved by PyTorch but unallocated. If reserved but unallocated memory is large try setting PYTORCH_ALLOC_CONF=expandable_segments:True to avoid fragmentation.  See documentation for Memory Management  (https://pytorch.org/docs/stable/notes/cuda.html#environment-variables)",supplemental_oom,15502999552,Tesla T4,1,,,15548251920.0,11890819072,warmup,1,0,search,,OOM,2.10.0+cu128,15636037632,8
868,512,4161536,15507161088,12.8,91002,,"CUDA out of memory. Tried to allocate 3.39 GiB. GPU 0 has a total capacity of 14.56 GiB of which 3.39 GiB is free. Including non-PyTorch memory, this process has 11.17 GiB memory in use. Of the allocated memory 11.03 GiB is allocated by PyTorch, and 10.91 MiB is reserved by PyTorch but unallocated. If reserved but unallocated memory is large try setting PYTORCH_ALLOC_CONF=expandable_segments:True to avoid fragmentation.  See documentation for Memory Management  (https://pytorch.org/docs/stable/notes/cuda.html#environment-variables)",supplemental_oom,15502999552,Tesla T4,1,,,15476948752.0,15476948992,warmup,0,0,search,,OOM,2.10.0+cu128,15636037632,9
866,512,4161536,15507161088,12.8,91002,,,supplemental_oom,15502999552,Tesla T4,1,,15450865664,15441297168.0,,forward,0,0,search,1.8723094769999875,OK,2.10.0+cu128,15636037632,10
867,512,4161536,15507161088,12.8,91002,,,supplemental_oom,15502999552,Tesla T4,1,,15469740032,15459122960.0,,forward,0,0,search,1.90582962000002,OK,2.10.0+cu128,15636037632,11
867,512,4161536,15507161088,12.8,91002,,,supplemental_oom,15502999552,Tesla T4,1,,15469740032,15459122960.0,,forward,0,0,boundary_repeat,1.955145568000006,OK,2.10.0+cu128,15636037632,12
868,512,4161536,15507161088,12.8,91002,,"CUDA out of memory. Tried to allocate 3.39 GiB. GPU 0 has a total capacity of 14.56 GiB of which 3.39 GiB is free. Including non-PyTorch memory, this process has 11.17 GiB memory in use. Of the allocated memory 11.03 GiB is allocated by PyTorch, and 10.91 MiB is reserved by PyTorch but unallocated. If reserved but unallocated memory is large try setting PYTORCH_ALLOC_CONF=expandable_segments:True to avoid fragmentation.  See documentation for Memory Management  (https://pytorch.org/docs/stable/notes/cuda.html#environment-variables)",supplemental_oom,15502999552,Tesla T4,1,,,15476948752.0,15476948992,warmup,0,0,boundary_repeat,,OOM,2.10.0+cu128,15636037632,13
867,512,4161536,15507161088,12.8,91002,,,supplemental_oom,15502999552,Tesla T4,1,,15469740032,15459122960.0,,forward,0,0,boundary_repeat,1.8907545619999837,OK,2.10.0+cu128,15636037632,14
868,512,4161536,15507161088,12.8,91002,,"CUDA out of memory. Tried to allocate 3.39 GiB. GPU 0 has a total capacity of 14.56 GiB of which 3.39 GiB is free. Including non-PyTorch memory, this process has 11.17 GiB memory in use. Of the allocated memory 11.03 GiB is allocated by PyTorch, and 10.91 MiB is reserved by PyTorch but unallocated. If reserved but unallocated memory is large try setting PYTORCH_ALLOC_CONF=expandable_segments:True to avoid fragmentation.  See documentation for Memory Management  (https://pytorch.org/docs/stable/notes/cuda.html#environment-variables)",supplemental_oom,15502999552,Tesla T4,1,,,15476948752.0,15476948992,warmup,0,0,boundary_repeat,,OOM,2.10.0+cu128,15636037632,15
876,512,4161536,15507161088,12.8,91002,,"CUDA out of memory. Tried to allocate 3.42 GiB. GPU 0 has a total capacity of 14.56 GiB of which 3.30 GiB is free. Including non-PyTorch memory, this process has 11.26 GiB memory in use. Of the allocated memory 11.12 GiB is allocated by PyTorch, and 18.03 MiB is reserved by PyTorch but unallocated. If reserved but unallocated memory is large try setting PYTORCH_ALLOC_CONF=expandable_segments:True to avoid fragmentation.  See documentation for Memory Management  (https://pytorch.org/docs/stable/notes/cuda.html#environment-variables)",supplemental_oom,15502999552,Tesla T4,1,,,15619555088.0,11945345024,warmup,1,0,analytic_boundary,,OOM,2.10.0+cu128,15636037632,16
877,512,4161536,15507161088,12.8,91002,,"CUDA out of memory. Tried to allocate 3.43 GiB. GPU 0 has a total capacity of 14.56 GiB of which 3.28 GiB is free. Including non-PyTorch memory, this process has 11.28 GiB memory in use. Of the allocated memory 11.14 GiB is allocated by PyTorch, and 18.03 MiB is reserved by PyTorch but unallocated. If reserved but unallocated memory is large try setting PYTORCH_ALLOC_CONF=expandable_segments:True to avoid fragmentation.  See documentation for Memory Management  (https://pytorch.org/docs/stable/notes/cuda.html#environment-variables)",supplemental_oom,15502999552,Tesla T4,1,,,15637380880.0,11960025088,warmup,1,1,analytic_boundary,,OOM,2.10.0+cu128,15636037632,17
